1,Pauly,McLelland,927-322-0614,27137,Male,5,Server,Part-Time
2,Layne,Callington,320-743-1136,29467,Female,1,Delivery Person,Full-Time
3,Audie,Craw,229-851-8734,15786,Female,2,Delivery Person,Full-Time
4,Goddart,Starmer,920-880-9105,59120,Male,2,Server,Part-Time
5,Ophelie,Hatherell,739-633-9074,36907,Female,2,Server,Full-Time
6,Shep,Jelf,173-351-2522,48639,Male,3,Chef,Full-Time
7,Donny,McLoney,120-830-4871,49415,Male,0,Delivery Person,Full-Time
8,Modesty,Pomroy,498-956-6212,24302,Female,5,Server,Part-Time
9,Anna-diana,Astie,703-471-5146,43652,Female,0,Chef,Part-Time
10,Hewie,Danhel,470-131-1006,20396,Male,0,Delivery Person,Part-Time
11,Halsy,Chambers,707-302-3540,44860,Male,2,Delivery Person,Part-Time
12,Inna,Julian,935-502-9446,27803,Female,5,Chef,Full-Time
13,Vonnie,Samper,319-510-3399,12380,Female,0,Server,Part-Time
14,Angelika,Selwin,315-746-4471,34946,Female,2,Delivery Person,Full-Time
15,Burl,de Broke,219-410-1266,16913,Male,5,Server,Part-Time
16,Malvin,Silverwood,474-490-7709,56431,Male,5,Delivery Person,Full-Time
17,Charisse,Penn,163-346-8321,48539,Female,3,Delivery Person,Part-Time
18,Giulio,Charlet,472-904-3656,49224,Male,4,Delivery Person,Full-Time
19,Ron,Bakesef,539-427-8823,31700,Male,1,Delivery Person,Part-Time
20,Derron,De Blase,704-332-1162,19940,Male,5,Chef,Full-Time
21,Jorrie,Davley,672-177-8129,25387,Bigender,0,Server,Part-Time
22,Boycey,Baudin,546-757-3504,39915,Male,2,Delivery Person,Full-Time
23,Brianna,Benedyktowicz,551-607-6107,26149,Female,4,Server,Full-Time
24,Burke,Dougill,791-442-7109,27114,Male,4,Server,Part-Time
25,Nari,Ennion,602-146-0404,29708,Female,3,Delivery Person,Part-Time
26,Neala,Elston,665-338-0210,49101,Female,1,Chef,Full-Time
27,Zachary,Fortey,785-126-2351,34295,Male,3,Delivery Person,Full-Time
28,Valentino,Fillis,402-343-9109,10329,Male,0,Delivery Person,Part-Time
29,Colline,Skellern,720-457-7822,52286,Bigender,3,Chef,Full-Time
30,Cly,Cowsby,597-963-5711,28141,Male,2,Server,Full-Time
31,Tessi,Eade,959-382-1599,50361,Female,2,Server,Part-Time
32,Shaughn,Ife,394-375-9674,25311,Male,3,Delivery Person,Full-Time
33,Shantee,Lochran,933-183-9413,15404,Female,1,Delivery Person,Part-Time
34,Nial,Revie,534-538-5026,10154,Male,0,Chef,Full-Time
35,Cy,Matyasik,979-538-7064,10430,Male,4,Delivery Person,Full-Time
36,Dorie,Lawn,547-623-2924,36786,Male,5,Delivery Person,Part-Time
37,Jackie,Mattinson,168-664-5874,46690,Polygender,1,Delivery Person,Part-Time
38,Murielle,Milstead,166-186-5250,17613,Female,2,Chef,Full-Time
39,Borg,Trowsdall,176-830-5780,18355,Male,0,Delivery Person,Part-Time
40,Lucian,Collingwood,656-553-9349,34908,Male,2,Server,Part-Time
41,Ephraim,Iannini,364-658-9594,58098,Male,5,Chef,Part-Time
42,Ike,Comberbeach,166-735-3288,24870,Male,4,Server,Full-Time
43,Ripley,Dust,705-694-0646,21978,Male,0,Server,Full-Time
44,Chrystal,Ringrose,164-768-4804,20460,Agender,0,Server,Full-Time
45,Fonsie,Goodlip,773-859-9708,10877,Male,3,Chef,Part-Time
46,Vincenty,Doulton,586-879-5060,47696,Male,0,Chef,Part-Time
47,Dian,Nisbet,613-168-2984,12784,Female,3,Server,Full-Time
48,Maje,Siddall,926-148-1432,12057,Male,4,Chef,Full-Time
49,Wakefield,Shinefield,447-985-6602,42109,Male,0,Delivery Person,Part-Time
50,Allyn,Billes,476-628-7393,41940,Male,5,Delivery Person,Part-Time
51,Elysee,Badsey,183-202-6917,41680,Female,2,Server,Part-Time
52,Payton,Scaddon,979-483-8841,35600,Male,1,Chef,Part-Time
53,Harp,Folling,513-179-2190,22492,Male,1,Chef,Part-Time
54,Jehu,Antognazzi,511-506-6704,54117,Male,5,Chef,Full-Time
55,Sada,Petty,688-726-3401,17942,Female,4,Delivery Person,Part-Time
56,Jorgan,Showers,574-742-5699,25388,Male,3,Server,Full-Time
57,Debee,Klyn,467-183-4287,59678,Non-binary,1,Server,Full-Time
58,Fraze,Dalla,530-976-2109,35630,Male,0,Chef,Full-Time
59,Othella,Sagrott,373-132-0953,26434,Female,1,Server,Full-Time
60,Damiano,Morrallee,763-141-7034,57812,Male,1,Delivery Person,Part-Time
61,Hobey,Mapledoore,628-439-1723,34890,Male,3,Delivery Person,Full-Time
62,Mischa,Junkin,687-911-4586,33398,Male,2,Delivery Person,Part-Time
63,Prudy,Gopsall,244-222-9534,11905,Female,1,Chef,Part-Time
64,Mel,Rushforth,231-276-3858,19948,Male,4,Chef,Full-Time
65,Mozelle,Allingham,858-768-7576,13081,Female,3,Chef,Part-Time
66,Claybourne,Richens,590-725-5613,41895,Male,5,Server,Full-Time
67,Mame,Ouldcott,890-665-5660,54455,Female,1,Chef,Part-Time
68,Frederico,Isson,130-427-1204,19576,Male,4,Delivery Person,Full-Time
69,Louella,Mudd,216-273-8506,42328,Female,1,Delivery Person,Part-Time
70,Vassili,Elvish,604-774-0454,34109,Male,4,Server,Full-Time
71,Yard,Gantley,639-688-2042,57382,Male,1,Chef,Full-Time
72,Gabriella,Wedgbrow,276-118-0886,52125,Female,5,Chef,Full-Time
73,Shauna,Blucher,954-271-6644,20963,Female,2,Delivery Person,Full-Time
74,Joellyn,Ferencowicz,553-230-0383,40791,Female,0,Chef,Part-Time
75,Seamus,Sturror,255-414-1929,50303,Male,4,Server,Full-Time
76,Franchot,Perotti,325-482-6095,59034,Male,0,Server,Full-Time
77,Milty,Kilborn,296-169-1243,23082,Male,2,Chef,Full-Time
78,Odelinda,Lowndsborough,679-128-6872,44483,Female,4,Chef,Full-Time
79,Hewitt,Hrinchenko,289-959-3537,14602,Male,4,Server,Full-Time
80,Thomasa,Chinnick,333-637-1982,26508,Female,1,Server,Part-Time
81,Augie,Castelain,565-487-6129,32610,Male,2,Chef,Part-Time
82,Mic,Dewick,970-673-2980,12848,Male,2,Server,Full-Time
83,Kimmie,Yukhin,235-654-5276,20351,Female,5,Chef,Full-Time
84,Leisha,Howle,767-425-6634,24970,Female,4,Chef,Full-Time
85,Denys,Schwand,257-772-7817,37823,Female,5,Chef,Part-Time
86,Lawton,Pigram,615-725-2908,25192,Genderqueer,3,Delivery Person,Full-Time
87,Lurette,Works,875-191-8789,49000,Female,1,Server,Full-Time
88,Laetitia,Cobbald,708-873-4643,11582,Female,5,Chef,Part-Time
89,Rosita,Shillingford,871-278-7352,40074,Female,3,Chef,Full-Time
90,Milli,Hedaux,229-137-1572,28979,Female,4,Server,Full-Time
91,Carie,Liptrod,648-137-6293,55323,Female,1,Delivery Person,Full-Time
92,Anet,Hanes,389-148-7546,12400,Female,3,Server,Full-Time
93,Adelina,Madoc-Jones,222-943-0823,38097,Female,0,Delivery Person,Full-Time
94,Gustaf,Howarth,162-590-3752,56371,Male,3,Server,Full-Time
95,Bernardina,Oiller,300-168-1250,51531,Female,2,Delivery Person,Full-Time
96,Emilia,Tapin,562-801-4085,31120,Female,2,Chef,Part-Time
97,Carmita,Santacrole,143-556-4368,21248,Female,4,Delivery Person,Part-Time
98,Verile,Eddison,355-527-8873,47118,Female,5,Chef,Part-Time
99,Josh,Jobes,411-425-9036,43686,Male,1,Server,Part-Time
100,Joscelin,Dignon,758-210-7502,55253,Non-binary,0,Server,Full-Time
101,Maurizio,Effnert,552-190-8277,31956,Male,2,Delivery Person,Full-Time
102,Filbert,Seston,502-992-1825,36629,Male,1,Server,Full-Time
103,Laraine,Dyter,271-999-0680,58509,Agender,5,Delivery Person,Full-Time
104,Jori,Clutterham,433-185-1409,22703,Female,3,Delivery Person,Part-Time
105,Collen,Bullene,874-484-1315,33076,Female,4,Delivery Person,Full-Time
106,Val,Banks,462-399-3198,50013,Male,1,Delivery Person,Part-Time
107,Alma,Gerardeaux,366-982-6867,57045,Female,5,Chef,Part-Time
108,Meriel,Corfield,946-833-0463,25139,Female,2,Chef,Full-Time
109,Bernette,Pavel,961-383-7428,11962,Female,5,Delivery Person,Part-Time
110,Nadiya,Skeates,308-914-1655,38727,Female,3,Delivery Person,Full-Time
111,Amandi,Kershaw,357-115-8676,19716,Female,4,Server,Full-Time
112,Aron,Carress,485-789-5915,51282,Male,2,Delivery Person,Full-Time
113,Lucas,Haruard,815-251-1042,37227,Male,4,Delivery Person,Full-Time
114,Emily,Sallnow,492-909-8744,53277,Female,4,Chef,Part-Time
115,Garner,Petrazzi,283-410-5348,30606,Male,4,Server,Part-Time
116,Jamison,Brechin,524-207-0005,33316,Male,4,Delivery Person,Part-Time
117,Othelia,Wadwell,428-127-2873,57841,Bigender,2,Delivery Person,Part-Time
118,Carver,Finnan,108-146-9069,16599,Male,5,Chef,Full-Time
119,Stanislas,Windrus,327-659-5321,23967,Polygender,4,Delivery Person,Full-Time
120,Jamima,Waszkiewicz,827-796-2586,46662,Female,5,Chef,Full-Time
121,Casey,Capehorn,435-295-3110,53125,Male,0,Server,Part-Time
122,Rosemarie,McDade,948-828-7325,59195,Female,2,Delivery Person,Full-Time
123,Christiane,Dislee,738-196-2481,44427,Female,0,Server,Part-Time
124,Jamey,Rabl,506-311-0874,44394,Male,1,Chef,Part-Time
125,Barnaby,Rourke,623-605-6485,25078,Male,4,Chef,Full-Time
126,Derry,Cisco,289-389-6158,37965,Male,2,Delivery Person,Part-Time
127,Louie,Duffin,253-990-1766,47457,Male,2,Delivery Person,Part-Time
128,Vasilis,Oglevie,781-645-4841,46508,Male,4,Delivery Person,Full-Time
129,Mile,Pischel,926-774-8265,47938,Male,3,Delivery Person,Part-Time
130,Mitch,Clementucci,379-279-9768,42237,Male,5,Server,Full-Time
131,Quentin,I'anson,782-425-6376,27350,Male,1,Delivery Person,Full-Time
132,Charmion,Craine,484-442-2636,36204,Female,2,Server,Full-Time
133,Sibbie,Wiggett,489-741-1812,41958,Female,3,Server,Full-Time
134,Mariele,Connett,106-414-2014,47635,Female,0,Server,Full-Time
135,Gilberta,Cleeton,863-888-1684,53445,Female,0,Delivery Person,Part-Time
136,Neill,Clayworth,208-712-9886,28507,Male,4,Server,Full-Time
137,Cindy,Argyle,651-164-9042,22154,Genderfluid,2,Chef,Part-Time
138,Rolf,Mitkcov,876-225-9588,10876,Male,4,Chef,Part-Time
139,Kaile,Pretley,466-455-4287,41555,Female,5,Server,Part-Time
140,Ardys,Skyram,492-360-0739,42158,Female,4,Server,Part-Time
141,Maury,Littlewood,587-359-0350,50805,Male,3,Delivery Person,Full-Time
142,Mack,Dobbs,615-746-7407,34450,Male,4,Delivery Person,Full-Time
143,Kennedy,Lintott,735-340-7013,45765,Male,1,Delivery Person,Full-Time
144,Vin,Iacopo,929-940-4623,41493,Female,5,Delivery Person,Part-Time
145,Hank,De Andreis,887-296-9237,43198,Male,0,Server,Part-Time
146,Harriott,Hoult,819-390-5225,52661,Female,4,Chef,Part-Time
147,Myrtia,Catcheside,183-550-9461,13906,Female,0,Chef,Part-Time
148,Marianne,Snary,864-893-9595,27926,Female,1,Chef,Full-Time
149,Gonzales,Gimenez,969-937-5694,38072,Male,2,Server,Part-Time
150,Teddi,Warland,204-791-1748,36958,Non-binary,4,Delivery Person,Part-Time
151,Daveta,O'Luby,259-324-5089,31021,Female,1,Chef,Full-Time
152,Cassandre,Warn,852-182-1962,27462,Polygender,2,Chef,Full-Time
153,Annis,Gillopp,549-258-1773,27715,Female,5,Chef,Part-Time
154,Randie,Calton,254-246-5927,12519,Genderqueer,4,Server,Part-Time
155,Kay,Alessandrucci,650-522-8893,44012,Female,3,Server,Part-Time
156,Mar,Djurdjevic,699-966-4594,50149,Male,1,Delivery Person,Full-Time
157,Garv,Boatright,920-981-3553,15936,Male,2,Server,Part-Time
158,Malchy,Damp,825-995-1071,56737,Male,1,Chef,Part-Time
159,Carmita,Micco,599-161-6056,26905,Female,3,Delivery Person,Full-Time
160,Andy,Kneel,685-929-9346,28660,Female,3,Server,Part-Time
161,Whit,Ahrens,830-590-1482,31455,Male,1,Chef,Part-Time
162,Eolande,Edgecumbe,234-650-0063,36094,Female,0,Chef,Full-Time
163,Libby,Garland,296-491-0556,22432,Female,4,Server,Full-Time
164,Evan,Pearch,549-327-4499,21699,Male,3,Delivery Person,Full-Time
165,Alfons,Doveston,498-273-3813,20594,Male,1,Server,Full-Time
166,Sela,Brandle,176-734-2100,13466,Female,0,Delivery Person,Full-Time
167,Rodger,Utting,346-910-8912,31324,Male,0,Chef,Full-Time
168,Riordan,Brislen,931-238-7470,16113,Agender,5,Server,Full-Time
169,Storm,Koschke,306-530-2509,38429,Female,2,Chef,Part-Time
170,Brady,Shead,470-179-6118,46949,Male,3,Server,Part-Time
171,Duff,France,482-817-5156,55613,Male,2,Delivery Person,Part-Time
172,Sollie,Pellingar,270-956-3445,43452,Male,5,Chef,Part-Time
173,Loralyn,Giacubo,808-834-6518,18412,Female,4,Delivery Person,Part-Time
174,Glenn,Bingley,914-551-8159,30666,Male,1,Delivery Person,Part-Time
175,Fidelity,Guihen,997-101-6829,25629,Female,1,Delivery Person,Full-Time
176,Noelani,Camerana,152-586-7375,23713,Female,1,Delivery Person,Part-Time
177,Jessalyn,Winfindale,445-146-0909,39087,Female,0,Chef,Part-Time
178,Amaleta,Brimmicombe,679-129-9748,59812,Female,0,Delivery Person,Part-Time
179,Lincoln,Dendle,627-278-6712,36459,Agender,3,Delivery Person,Full-Time
180,Bobby,Caughte,503-187-1584,15898,Agender,5,Server,Part-Time
181,Melisandra,Eager,248-687-3121,15493,Female,4,Delivery Person,Full-Time
182,Rosanna,Lightwood,153-832-4734,30439,Female,1,Chef,Part-Time
183,Cathie,Gobbett,178-168-5433,16671,Agender,1,Server,Part-Time
184,Ilario,Adamo,865-671-1665,32748,Male,0,Delivery Person,Part-Time
185,Craig,Veevers,783-997-6220,51492,Male,4,Delivery Person,Part-Time
186,Marlow,Beteriss,908-131-6867,27029,Male,1,Chef,Full-Time
187,Joey,Meale,127-899-8452,15948,Female,1,Delivery Person,Full-Time
188,Nikita,Gerler,349-419-4363,56686,Male,1,Delivery Person,Full-Time
189,Ray,Hornbuckle,869-385-5460,57620,Male,1,Chef,Full-Time
190,Rorke,Asey,202-201-8235,40600,Male,0,Server,Part-Time
191,Emmalynne,Tomasian,374-478-7301,14315,Female,0,Server,Part-Time
192,Jeff,Lucius,792-405-3224,28272,Male,2,Server,Part-Time
193,Domenico,Basler,592-784-6522,51107,Male,1,Server,Full-Time
194,Ari,McGinly,824-353-5025,46002,Male,3,Chef,Part-Time
195,Perri,Ivanusyev,113-494-5253,37244,Female,0,Server,Part-Time
196,Stormy,Simenet,375-119-9898,36912,Female,5,Delivery Person,Part-Time
197,Gerhardt,Stickler,773-631-9479,23985,Male,0,Chef,Full-Time
198,Sigfrid,Addey,836-624-2960,30364,Male,2,Server,Part-Time
199,Christiana,Pahlsson,587-780-4801,54838,Female,1,Chef,Part-Time
200,Patrizia,Maryan,473-895-1595,37204,Female,2,Server,Part-Time
201,Timmi,Adrianello,261-630-4209,49965,Female,3,Chef,Full-Time
202,Zorah,Gjerde,671-310-1828,37213,Female,1,Delivery Person,Full-Time
203,Sanford,Forber,908-945-7208,35210,Male,3,Delivery Person,Full-Time
204,Malory,Ogg,995-968-8266,17924,Female,2,Delivery Person,Part-Time
205,Cristy,Ross,822-522-2504,56984,Female,4,Delivery Person,Part-Time
206,Daryl,Roe,919-199-9933,14988,Female,3,Chef,Full-Time
207,Grantley,Moline,504-342-1914,41242,Male,3,Chef,Full-Time
208,Correna,Seefus,737-607-3862,29563,Female,3,Delivery Person,Full-Time
209,Lolita,Cristofanini,310-499-4455,20153,Female,5,Server,Full-Time
210,Westleigh,Hilary,755-806-8847,17254,Male,5,Delivery Person,Part-Time
211,Steffi,Craft,244-901-0117,39662,Female,3,Server,Part-Time
212,Elvera,Gregorowicz,518-384-7422,48522,Female,1,Chef,Part-Time
213,Vince,Gringley,146-718-0562,11878,Male,1,Server,Full-Time
214,Woodrow,Albasiny,127-854-0513,25166,Male,0,Chef,Full-Time
215,William,Cord,972-379-2990,56690,Male,2,Chef,Part-Time
216,Gayleen,Filyakov,734-449-6730,17691,Female,5,Server,Full-Time
217,Desi,Petrina,427-165-0521,53648,Genderqueer,0,Server,Part-Time
218,Anya,Mardell,447-642-0569,47235,Female,5,Chef,Part-Time
219,Malissa,Cozens,511-779-3034,28959,Female,5,Delivery Person,Full-Time
220,Monah,Whatling,110-261-3065,34277,Female,5,Server,Part-Time
221,Flemming,Scoffham,155-223-1945,11673,Non-binary,3,Delivery Person,Part-Time
222,Pincus,Hyde-Chambers,182-597-8029,33814,Male,1,Server,Part-Time
223,Cheston,Magnar,200-264-1730,25935,Male,2,Server,Part-Time
224,Edi,Riccardi,555-156-7455,17136,Female,4,Chef,Part-Time
225,Kimberli,Fluit,222-923-8127,58485,Female,1,Delivery Person,Full-Time
226,Annabel,Simonato,900-476-6033,40394,Female,3,Chef,Full-Time
227,Kristine,Gallager,127-764-6427,56550,Female,5,Delivery Person,Full-Time
228,Zacherie,Scud,533-578-9439,11151,Male,2,Server,Full-Time
229,Claudell,Innis,797-827-4308,24241,Male,4,Server,Full-Time
230,Gale,Pollicatt,854-817-7367,37649,Male,1,Server,Part-Time
231,Hedda,Sutty,931-606-2557,44740,Female,2,Delivery Person,Full-Time
232,Marco,Lope,702-280-8217,33463,Male,5,Server,Part-Time
233,Cheslie,Kilius,590-128-3318,48853,Female,4,Chef,Part-Time
234,Smitty,di Rocca,246-548-6466,54959,Male,4,Delivery Person,Part-Time
235,Sergent,Rijkeseis,679-282-9637,10459,Male,0,Delivery Person,Part-Time
236,Lotta,Olman,247-260-6430,52116,Female,4,Server,Part-Time
237,Amalita,Fey,658-423-1087,21079,Female,1,Chef,Part-Time
238,Arman,Mainwaring,347-866-2812,19523,Polygender,0,Server,Full-Time
239,Terri,Huckleby,360-477-9460,39992,Male,1,Chef,Part-Time
240,Austin,Cawse,362-520-4383,28192,Female,2,Chef,Full-Time
241,Isidora,Rubinlicht,234-934-5338,54977,Female,1,Server,Part-Time
242,Bartram,Feasley,392-571-6528,54901,Male,5,Server,Full-Time
243,Nate,Nerne,356-147-7032,53231,Male,5,Delivery Person,Full-Time
244,Roanna,Hayes,690-672-8918,14512,Female,2,Server,Full-Time
245,Jeanine,Solley,792-854-3079,51914,Female,3,Delivery Person,Full-Time
246,Margit,Robertelli,408-755-1198,56045,Female,4,Server,Part-Time
247,Katrina,O'Scanlan,540-623-3990,28611,Female,0,Chef,Full-Time
248,Kirby,Fawley,461-414-4909,51562,Male,5,Chef,Full-Time
249,Gabey,Gotter,303-472-6291,12888,Female,1,Server,Full-Time
250,Friedrick,Gave,194-705-3652,37930,Male,0,Delivery Person,Part-Time
251,Ajay,Serotsky,301-802-8790,52417,Female,1,Delivery Person,Part-Time
252,Irv,Kearns,395-853-1663,56609,Male,0,Chef,Full-Time
253,Joelle,Mower,310-544-8745,25417,Female,1,Chef,Part-Time
254,Augy,Bourbon,786-839-8254,11728,Male,0,Delivery Person,Part-Time
255,Remus,Arnley,644-167-1318,32840,Male,4,Delivery Person,Part-Time
256,Radcliffe,Ganiclef,680-177-2167,15890,Male,0,Delivery Person,Full-Time
257,Cassandra,Chaperlin,637-265-7127,36551,Female,2,Chef,Part-Time
258,Danit,Reddoch,700-182-3936,13623,Female,3,Server,Part-Time
259,Solly,Kilrow,640-168-3854,39819,Male,3,Delivery Person,Part-Time
260,Marty,O'Rudden,525-634-1900,59421,Male,5,Chef,Full-Time
261,Paulie,Sames,162-484-5475,52828,Female,1,Delivery Person,Full-Time
262,Sigvard,MacFarlan,564-739-4275,58677,Male,1,Chef,Part-Time
263,Dolf,Blankau,244-338-3048,52020,Male,4,Server,Part-Time
264,Clio,Everson,194-421-6233,14776,Female,0,Chef,Part-Time
265,Florella,Erington,136-263-2466,48081,Female,5,Server,Full-Time
266,Rozamond,Pollicatt,519-618-5513,31434,Genderqueer,4,Server,Full-Time
267,Cordula,Daintree,843-391-6906,12291,Female,0,Chef,Full-Time
268,Olivero,Kubiak,249-435-2143,40827,Male,3,Chef,Part-Time
269,Forrester,O'Cahey,169-639-4853,38353,Male,4,Chef,Part-Time
270,Randall,Gunthorp,718-436-8425,34686,Male,0,Server,Part-Time
271,Rasia,Pouton,588-267-0696,18662,Female,2,Delivery Person,Part-Time
272,Herb,Pelzer,240-455-2025,59321,Male,3,Server,Full-Time
273,Luelle,Brailey,995-650-1304,56068,Female,2,Chef,Part-Time
274,Pet,Forrestor,693-710-1590,32178,Female,0,Server,Part-Time
275,Nisse,Rootes,578-646-4136,35008,Female,0,Chef,Full-Time
276,Yuri,Aiton,133-968-0166,38152,Male,4,Chef,Full-Time
277,Issy,Elstone,395-985-0674,42815,Female,4,Delivery Person,Part-Time
278,Ethyl,Ciciari,880-835-1001,42729,Female,4,Server,Full-Time
279,Jerrine,Edgeson,833-325-1243,40980,Female,0,Chef,Full-Time
280,Bruis,Eich,546-454-5685,56469,Male,1,Server,Full-Time
281,Karney,Darque,350-102-5512,49548,Male,5,Delivery Person,Full-Time
282,Dael,Channer,977-568-5846,36012,Female,3,Server,Full-Time
283,Kathe,Bodicum,121-467-5682,40124,Female,2,Server,Part-Time
284,Putnam,Petroff,918-260-1457,52177,Male,4,Delivery Person,Part-Time
285,Mord,Lampel,230-130-6568,12610,Male,1,Chef,Part-Time
286,Lenore,Jordison,581-842-3925,36291,Female,5,Chef,Full-Time
287,Carlyn,Fuggle,621-174-5379,54235,Female,0,Delivery Person,Full-Time
288,Dwain,Tilberry,644-168-4865,18096,Male,3,Chef,Full-Time
289,Leonerd,Mooreed,958-793-2134,54060,Male,3,Server,Full-Time
290,Lynnea,Grimsley,396-391-2113,32978,Polygender,1,Chef,Part-Time
291,Cy,Kinchlea,193-814-2867,18047,Male,1,Delivery Person,Part-Time
292,Fayette,Willson,698-791-1302,58644,Female,1,Delivery Person,Part-Time
293,Georgie,L'Episcopi,222-275-5845,18632,Male,0,Server,Full-Time
294,Cacilia,Kobpac,492-411-3742,41781,Female,4,Chef,Part-Time
295,Aubrey,Walster,639-768-8282,58045,Male,5,Chef,Part-Time
296,Tully,Keener,936-893-9729,41221,Male,0,Chef,Full-Time
297,Griswold,Ceaser,298-958-3402,16496,Male,0,Chef,Part-Time
298,Corrianne,Pengelly,405-415-8932,22164,Female,0,Chef,Full-Time
299,Terra,Challener,794-553-5827,40034,Female,5,Delivery Person,Part-Time
300,Cacilie,Edworthye,439-774-8108,10911,Female,4,Delivery Person,Full-Time
301,Jocko,Verna,199-438-3912,57453,Male,1,Chef,Full-Time
302,Bev,Atwood,933-764-7833,55343,Female,0,Server,Part-Time
303,Glen,Hunnywell,834-736-4017,30359,Female,0,Chef,Full-Time
304,Konstance,Davenall,847-530-6422,27933,Female,3,Chef,Full-Time
305,Vernor,Jacklings,479-659-3962,11849,Male,0,Chef,Part-Time
306,Thom,Meader,725-215-8112,56106,Male,1,Chef,Full-Time
307,Ludovika,Mudle,925-370-8599,37075,Female,3,Delivery Person,Part-Time
308,Wilhelmina,Friday,723-562-5355,35226,Female,3,Server,Full-Time
309,Lilian,Hunnisett,410-859-6508,29795,Female,4,Chef,Part-Time
310,Bab,Learoyd,522-903-1841,53514,Non-binary,4,Server,Full-Time
311,Estrella,Ceresa,321-149-1000,58782,Female,1,Server,Full-Time
312,Alford,Rowe,440-586-6983,51551,Male,2,Server,Part-Time
313,Moreen,De Gowe,141-287-3934,15102,Female,4,Delivery Person,Full-Time
314,Audi,Tombs,821-874-6806,33626,Female,2,Server,Full-Time
315,Gaby,Boyle,451-891-0965,32139,Genderfluid,1,Delivery Person,Part-Time
316,Alene,Viall,499-412-3419,25733,Female,2,Chef,Part-Time
317,Valaree,Quelch,478-819-4850,34248,Female,5,Delivery Person,Full-Time
318,Shelly,Ford,724-951-2294,40796,Female,4,Server,Part-Time
319,Waneta,Bussens,192-839-8613,14142,Female,5,Delivery Person,Full-Time
320,Elisabetta,Brotherheed,699-883-0431,48600,Female,2,Server,Part-Time
321,Berkley,Buncom,943-897-8746,11682,Male,4,Server,Part-Time
322,Brenden,Ruddlesden,889-991-8608,59156,Male,5,Chef,Full-Time
323,Jenilee,Krebs,964-599-6742,51667,Female,5,Chef,Part-Time
324,Olia,Milkeham,693-883-6856,43722,Female,2,Delivery Person,Full-Time
325,Mateo,Scholey,141-583-1256,28209,Non-binary,4,Delivery Person,Part-Time
326,Susi,Galbreath,448-927-4519,31439,Female,4,Server,Full-Time
327,Hubert,Barkshire,320-381-8707,24505,Male,3,Delivery Person,Full-Time
328,Roger,Lomaz,716-461-7151,51079,Male,5,Server,Part-Time
329,Geoffrey,Tolwood,212-194-8785,35367,Male,0,Chef,Part-Time
330,Sully,Eden,194-681-7572,10313,Male,4,Chef,Full-Time
331,Monah,Nairne,271-970-3500,20580,Female,1,Chef,Full-Time
332,Geno,Swannell,267-651-4146,24383,Male,4,Chef,Part-Time
333,Muffin,Cumo,554-761-2507,24500,Male,2,Chef,Part-Time
334,Liuka,Dahill,621-858-5625,41662,Female,0,Chef,Part-Time
335,Chas,Coales,385-289-8781,13828,Male,3,Delivery Person,Part-Time
336,Rollie,Waeland,198-965-6363,37825,Male,1,Chef,Part-Time
337,Lawton,Swatridge,920-472-2685,57620,Male,2,Server,Part-Time
338,Dario,Chamberlaine,597-930-8910,37503,Male,2,Chef,Full-Time
339,Kipper,Eakle,129-471-4169,38127,Male,4,Delivery Person,Part-Time
340,Sigismond,Cuffley,846-988-4366,15791,Male,2,Server,Full-Time
341,Katti,Larmouth,682-791-8978,42684,Female,2,Server,Full-Time
342,Keriann,Botterell,113-230-1473,34048,Polygender,4,Chef,Full-Time
343,Bentlee,Fort,271-806-4538,32388,Male,5,Chef,Full-Time
344,Willey,Deporte,532-805-2796,12559,Male,3,Chef,Part-Time
345,Willard,Burcher,807-903-4293,27361,Male,2,Chef,Part-Time
346,Trista,Hyder,214-491-5501,32339,Female,5,Delivery Person,Part-Time
347,Jorgan,Jermin,143-506-8668,59856,Genderqueer,2,Delivery Person,Full-Time
348,Barbey,Garbott,226-582-6506,10757,Female,0,Chef,Part-Time
349,Derrick,Cargill,219-586-2048,55062,Male,3,Server,Part-Time
350,Humfried,Pinniger,126-586-8046,50129,Male,4,Delivery Person,Part-Time
351,Virginie,Ede,805-475-4881,21740,Bigender,0,Delivery Person,Full-Time
352,Lynda,Benedidick,835-430-9796,26987,Female,4,Delivery Person,Full-Time
353,Donnie,Dewar,661-361-1881,20066,Genderqueer,4,Delivery Person,Full-Time
354,Brenna,Parman,234-689-4151,48032,Female,4,Delivery Person,Full-Time
355,Curr,Furley,324-259-0998,58522,Male,4,Delivery Person,Part-Time
356,Concordia,Mangion,792-453-5397,34336,Female,3,Server,Full-Time
357,Louisa,Bellwood,650-108-3098,48225,Female,4,Chef,Part-Time
358,Wylie,Laskey,163-162-2963,24361,Male,1,Server,Full-Time
359,Edie,Haliday,905-178-7595,35563,Female,0,Chef,Part-Time
360,Shelton,Croix,372-835-8168,38570,Male,2,Delivery Person,Part-Time
361,Grenville,Abson,795-219-8904,58452,Male,4,Chef,Part-Time
362,Britney,Munkton,609-867-2061,51454,Female,0,Chef,Part-Time
363,Maximo,Heeley,175-552-0208,42534,Male,0,Server,Full-Time
364,Anica,Dunkerly,708-260-1089,29381,Female,5,Delivery Person,Full-Time
365,Oby,Leaman,178-490-6968,53573,Male,0,Server,Part-Time
366,Emalee,Hofler,537-692-4410,37143,Female,0,Chef,Full-Time
367,Gustav,Finnie,886-801-6506,54407,Male,0,Delivery Person,Part-Time
368,Gaspard,Bromage,300-295-7495,55006,Male,0,Delivery Person,Part-Time
369,Eugene,Mugridge,106-278-1368,29915,Male,3,Server,Full-Time
370,Latashia,Jakel,735-113-4139,23041,Female,5,Chef,Part-Time
371,Killy,Wennington,625-419-9485,48417,Male,4,Server,Full-Time
372,Patrica,Bourdis,335-514-8110,17803,Female,3,Chef,Full-Time
373,Aguste,Crosfield,785-557-5625,13292,Male,4,Chef,Full-Time
374,Jess,Bohills,635-160-8264,40410,Female,2,Delivery Person,Part-Time
375,Bent,Ricciardo,602-382-9097,29814,Male,1,Delivery Person,Full-Time
376,Jed,Radcliffe,683-624-7464,30829,Male,4,Delivery Person,Part-Time
377,Chiarra,Hymus,801-229-9538,24475,Polygender,1,Server,Full-Time
378,Reeta,Chidler,743-646-1445,55666,Female,1,Server,Full-Time
379,Durante,Hanigan,357-399-0489,36010,Male,3,Server,Full-Time
380,Antony,Conkey,920-852-1014,57289,Male,4,Server,Full-Time
381,Aron,Jindacek,711-326-9643,45424,Male,4,Delivery Person,Full-Time
382,Gwenore,Rogez,328-800-0066,45710,Female,1,Delivery Person,Part-Time
383,Alfie,Onn,302-304-5468,29633,Male,1,Delivery Person,Part-Time
384,Ancell,Wareham,952-996-1423,34149,Male,0,Delivery Person,Part-Time
385,Lauree,Scyone,247-882-6998,29488,Female,5,Delivery Person,Full-Time
386,Callida,Beattie,655-225-0999,55663,Female,3,Chef,Part-Time
387,Kenyon,Treverton,230-174-3665,33143,Male,1,Server,Part-Time
388,Cathleen,Kirkbride,516-870-0977,44407,Non-binary,5,Chef,Full-Time
389,Evvie,Mouland,536-795-8955,12545,Female,3,Delivery Person,Full-Time
390,Beatrice,Gameson,842-242-9002,51234,Female,0,Server,Full-Time
391,Sheila,Hugle,934-930-9685,34599,Female,0,Delivery Person,Part-Time
392,Sumner,Adrianello,205-456-6461,36089,Male,3,Chef,Part-Time
393,Dietrich,Tossell,356-291-6239,49612,Male,4,Chef,Part-Time
394,Jaine,Nisot,908-158-4436,22490,Female,0,Server,Part-Time
395,Cordie,Tallon,128-672-1727,55205,Female,0,Chef,Full-Time
396,Harlie,McAlees,626-540-1689,55626,Female,3,Delivery Person,Part-Time
397,Henka,Gregon,486-601-7698,11698,Female,1,Server,Part-Time
398,Waldo,Gogin,733-822-2899,14186,Male,5,Server,Part-Time
399,Abie,Cristofano,571-793-7928,30606,Male,5,Chef,Full-Time
400,Kirby,Gilbane,415-298-2938,20705,Female,3,Delivery Person,Full-Time
401,Marge,Petronis,626-448-6129,32360,Female,4,Delivery Person,Full-Time
402,Hynda,Bugge,654-972-4864,16950,Female,2,Delivery Person,Part-Time
403,Kelsey,Sartain,718-657-5561,19283,Male,2,Server,Part-Time
404,Flo,Kassidy,338-749-8600,18350,Female,3,Server,Full-Time
405,Brynna,Clulow,378-176-9121,22560,Female,5,Chef,Part-Time
406,Caterina,Kinton,359-576-8576,54414,Genderqueer,1,Delivery Person,Part-Time
407,Chevy,Barth,224-452-8116,47375,Male,2,Delivery Person,Full-Time
408,Minda,des Remedios,553-106-5874,17849,Female,1,Delivery Person,Part-Time
409,Madlen,Saffen,668-651-1492,59029,Female,3,Delivery Person,Full-Time
410,Evin,Corkill,252-128-8474,54867,Genderqueer,1,Delivery Person,Full-Time
411,Erastus,Santarelli,447-165-8971,48326,Male,0,Server,Part-Time
412,Tanney,Tollady,637-313-7839,18660,Male,3,Delivery Person,Part-Time
413,Brianne,Parriss,606-292-8715,54768,Female,4,Chef,Part-Time
414,Laurens,Partrick,673-361-1753,45449,Male,1,Server,Full-Time
415,Blair,Matveichev,583-911-8475,17114,Male,0,Chef,Part-Time
416,Chen,Delucia,303-651-1302,47128,Male,4,Server,Full-Time
417,Baryram,Saunton,861-949-0698,29323,Male,4,Chef,Part-Time
418,Curcio,Bettles,168-364-2473,42377,Male,1,Server,Part-Time
419,Blythe,MacDiarmond,932-984-6751,20112,Female,5,Delivery Person,Full-Time
420,Ezmeralda,Cromblehome,382-779-9012,21902,Female,4,Chef,Full-Time
421,Nichol,Guerreiro,520-382-9165,50012,Female,1,Chef,Part-Time
422,Walsh,McGarrity,274-191-1713,39930,Male,2,Delivery Person,Part-Time
423,Vic,Pulford,197-274-3333,25015,Male,3,Chef,Part-Time
424,Carlita,Pepye,570-514-5557,58070,Female,0,Server,Part-Time
425,Donnell,Fullegar,952-992-6221,53053,Male,1,Server,Part-Time
426,Man,Teese,733-773-4254,16572,Male,1,Server,Full-Time
427,Guillaume,Vaar,594-187-5343,11233,Male,0,Chef,Full-Time
428,Hendrika,Blatchford,115-845-8506,41321,Female,0,Server,Full-Time
429,Dallis,Kibbel,578-773-5361,22883,Male,1,Server,Part-Time
430,Charita,Haylock,965-371-3511,48533,Female,5,Chef,Full-Time
431,Frazer,Buckby,405-119-6604,59984,Male,0,Delivery Person,Full-Time
432,Ephraim,Pitt,533-295-8935,11306,Polygender,3,Server,Part-Time
433,Corbie,Petrie,424-347-4371,52406,Male,0,Chef,Full-Time
434,Opalina,Butting,241-474-2056,47132,Female,3,Chef,Full-Time
435,Josepha,Gounel,223-674-4221,42039,Agender,4,Server,Part-Time
436,Haskell,Choules,439-536-0262,30698,Male,1,Delivery Person,Full-Time
437,Becky,Rickeard,802-700-2743,25494,Female,2,Server,Part-Time
438,Daron,Semechik,855-599-8291,28413,Female,1,Chef,Full-Time
439,Amalie,Bruggeman,403-354-0566,30001,Female,5,Server,Part-Time
440,Flinn,Mohamed,488-951-6942,10727,Male,2,Chef,Full-Time
441,Udall,Clapton,887-597-0303,22298,Male,4,Server,Part-Time
442,Normand,Lippard,117-232-9072,53556,Male,3,Chef,Part-Time
443,Nickolaus,Chowne,297-105-8294,44273,Male,5,Chef,Part-Time
444,Tremaine,Frew,393-776-7438,13707,Male,1,Chef,Full-Time
445,Wolfy,Cockhill,234-948-0579,40109,Male,2,Chef,Part-Time
446,Ki,Roocroft,392-955-0400,57527,Female,1,Chef,Part-Time
447,Jerrine,Becks,565-970-2271,54417,Female,4,Chef,Part-Time
448,Dominique,Rate,287-369-8384,52816,Male,1,Server,Full-Time
449,Shirley,Costan,150-911-7193,32063,Female,0,Delivery Person,Part-Time
450,Linus,Scutt,753-851-7656,29152,Male,3,Chef,Part-Time
451,Frayda,MacGuffie,824-690-4836,42650,Female,0,Delivery Person,Part-Time
452,Barry,Letcher,186-704-4548,16054,Female,2,Delivery Person,Part-Time
453,Lamont,Whitloe,985-703-4886,56649,Male,5,Delivery Person,Part-Time
454,Daffi,Bellard,394-181-8442,45941,Female,4,Server,Part-Time
455,Ediva,Goodliff,689-660-4222,38164,Polygender,4,Chef,Part-Time
456,Delcine,Beevors,374-204-9552,34040,Female,4,Chef,Full-Time
457,Casey,Gallaher,580-499-1685,37441,Male,4,Server,Part-Time
458,Grace,Grimsell,760-529-3562,33120,Female,1,Chef,Part-Time
459,Murdoch,Rosenschein,708-738-9591,18805,Polygender,5,Chef,Full-Time
460,Halimeda,Klammt,320-146-8541,46930,Female,2,Server,Part-Time
461,Danell,Gwyther,831-420-9085,37007,Female,5,Chef,Full-Time
462,Ricoriki,Bohin,488-448-1482,46195,Male,1,Delivery Person,Full-Time
463,Skell,Kynd,523-118-6652,35554,Male,4,Server,Full-Time
464,Chelsy,Luto,111-504-8724,39232,Female,4,Chef,Full-Time
465,Noach,Harroll,129-634-0634,51418,Male,1,Delivery Person,Full-Time
466,Hall,Scalia,771-715-8455,46806,Male,3,Server,Full-Time
467,Agathe,Reeman,763-714-3232,14949,Female,4,Chef,Full-Time
468,Mathew,Gilhouley,725-774-7487,49238,Male,4,Delivery Person,Full-Time
469,Tomasine,Haibel,661-275-2648,54609,Female,1,Server,Part-Time
470,Stuart,Saunders,929-560-4215,33204,Male,2,Delivery Person,Part-Time
471,Goober,Manz,388-646-5624,35211,Male,4,Delivery Person,Full-Time
472,Pierrette,Larrosa,901-769-2235,30743,Female,2,Delivery Person,Part-Time
473,Quincey,Sywell,594-166-0630,32563,Agender,4,Server,Part-Time
474,Mab,Rickets,421-969-3455,23429,Female,1,Chef,Part-Time
475,Cammy,Fake,802-308-0944,20557,Male,5,Server,Part-Time
476,Dru,Sturgess,796-994-6910,52434,Male,4,Server,Full-Time
477,Bonni,Ruslin,460-117-4618,36582,Female,5,Chef,Part-Time
478,Berthe,Dongate,262-431-8213,54909,Female,1,Server,Full-Time
479,Beitris,Durtnel,714-102-4202,44220,Female,2,Delivery Person,Full-Time
480,Michal,Disley,469-564-0809,21978,Female,1,Server,Part-Time
481,Angie,Spriddle,664-717-9834,43632,Male,1,Server,Full-Time
482,Bruce,Botton,739-565-5492,26039,Male,0,Delivery Person,Part-Time
483,Keefe,Richen,807-344-7941,37049,Male,1,Server,Part-Time
484,Tommie,Benedit,585-352-7059,25340,Genderqueer,2,Chef,Full-Time
485,Leicester,Querree,948-988-6355,55104,Male,2,Delivery Person,Full-Time
486,Batholomew,Labat,299-355-8539,35790,Male,4,Server,Part-Time
487,Kendra,Chumley,928-998-7126,50184,Female,2,Delivery Person,Part-Time
488,Howey,Willmore,583-641-3953,15990,Male,5,Chef,Part-Time
489,Betsey,Valasek,135-282-0847,23081,Female,4,Server,Part-Time
490,Willy,Fibben,372-526-8569,52362,Male,2,Chef,Full-Time
491,Kienan,Gowthrop,133-124-0697,29940,Male,1,Chef,Full-Time
492,Sterling,Kitson,954-559-0550,47679,Genderfluid,0,Server,Full-Time
493,Lyell,Deporte,443-706-3249,48197,Agender,3,Chef,Full-Time
494,Cirillo,Presslie,498-155-2923,52038,Male,4,Delivery Person,Part-Time
495,Mikey,Hebditch,533-203-0634,36881,Male,5,Server,Part-Time
496,Carlota,Hatrey,428-838-2534,42437,Agender,1,Server,Full-Time
497,Catlee,Jerram,372-747-3290,42306,Female,5,Chef,Full-Time
498,Martyn,Roelvink,742-106-5715,13850,Male,0,Delivery Person,Full-Time
499,Piotr,Loos,809-547-5645,42621,Male,0,Server,Full-Time
500,Elora,Absalom,742-732-5477,22337,Female,1,Chef,Part-Time
501,Trstram,Ligertwood,683-208-1597,21222,Male,0,Chef,Part-Time
502,Melinda,Cregeen,861-675-6952,15775,Female,5,Delivery Person,Full-Time
503,Tommie,Chantree,694-962-9922,29942,Female,1,Delivery Person,Full-Time
504,Kimmie,Skocroft,905-265-1732,45294,Female,0,Delivery Person,Part-Time
505,Rachel,Immins,940-173-9169,55545,Female,5,Server,Part-Time
506,Larissa,Blei,242-662-2437,21301,Female,0,Server,Full-Time
507,Nicholas,Chesshire,703-868-0103,58686,Genderfluid,0,Delivery Person,Full-Time
508,Augustin,Trigg,201-314-0411,28289,Male,3,Chef,Part-Time
509,Olimpia,Janca,419-428-0082,23986,Polygender,5,Chef,Full-Time
510,Desiri,Chadwyck,223-965-5070,52212,Female,0,Server,Part-Time
511,Port,Henrys,337-276-2025,12788,Non-binary,5,Chef,Full-Time
512,Tiena,Barras,900-673-5256,14552,Female,2,Chef,Full-Time
513,Alberta,Bennie,447-974-4786,10356,Female,3,Delivery Person,Part-Time
514,Rubia,McCaster,227-577-5718,14589,Genderfluid,1,Server,Full-Time
515,Claudia,Ingerfield,275-848-0542,59969,Genderfluid,2,Chef,Full-Time
516,Olly,Firmage,364-618-7729,47446,Male,4,Delivery Person,Full-Time
517,Corrina,Kingswold,514-378-8817,42353,Female,3,Delivery Person,Full-Time
518,Con,Virr,588-338-8452,44048,Female,2,Server,Part-Time
519,Penni,Kittel,240-270-8979,41009,Female,5,Server,Full-Time
520,Hermann,Hurlston,265-409-1085,58041,Male,5,Delivery Person,Full-Time
521,Thatch,Ekins,118-320-9018,34985,Male,1,Server,Full-Time
522,Garrek,McCandless,777-186-1738,56370,Male,0,Chef,Part-Time
523,Guntar,Reddle,482-754-8183,13792,Male,0,Server,Full-Time
524,Alford,Mulroy,466-900-6243,20939,Male,1,Delivery Person,Full-Time
525,Doloritas,Perigoe,594-468-4786,26987,Female,2,Delivery Person,Part-Time
526,Jedidiah,Creber,838-642-5137,48789,Male,1,Chef,Full-Time
527,Gert,Godney,167-769-8339,39071,Female,2,Delivery Person,Part-Time
528,Tamqrah,Gariff,602-849-1517,48446,Female,5,Delivery Person,Full-Time
529,Lorne,Gowland,400-432-3360,46095,Female,5,Delivery Person,Part-Time
530,Guinna,McArthur,821-891-4879,53978,Female,4,Delivery Person,Part-Time
531,Judas,Fagg,150-690-9210,21293,Genderfluid,0,Server,Full-Time
532,Blinny,Vanshin,377-720-8158,50571,Female,0,Server,Full-Time
533,Hartley,Weins,453-321-5127,55047,Male,2,Server,Part-Time
534,Bendick,Basire,202-506-8934,56095,Male,5,Delivery Person,Part-Time
535,Amerigo,Delepine,660-888-9440,21699,Male,1,Delivery Person,Full-Time
536,Butch,Brittain,220-486-5867,52244,Male,3,Chef,Part-Time
537,Lemmy,Saura,172-946-9039,19180,Male,5,Server,Full-Time
538,Donnajean,Maykin,280-279-0829,11397,Female,5,Chef,Part-Time
539,Kenneth,Aish,274-969-1747,53534,Male,3,Delivery Person,Full-Time
540,Arley,Clackson,442-821-6910,50630,Genderfluid,3,Chef,Full-Time
541,Ammamaria,Kyle,681-951-6061,59917,Female,2,Chef,Part-Time
542,Harlen,Smees,223-635-3155,42715,Male,5,Server,Part-Time
543,Isak,Blennerhassett,315-935-4959,25343,Male,4,Server,Full-Time
544,Kane,Rigler,831-474-6771,29068,Male,5,Chef,Full-Time
545,Silvio,Wilkennson,230-609-2160,38569,Male,5,Server,Part-Time
546,Chevalier,Bolino,504-891-6357,41468,Male,0,Server,Full-Time
547,Katalin,Guyonnet,316-782-6014,40163,Female,4,Delivery Person,Part-Time
548,Freddy,Spinige,850-128-3581,36087,Female,3,Delivery Person,Part-Time
549,Terrijo,Haddington,555-781-5416,14911,Female,2,Server,Full-Time
550,Rae,Byng,611-568-3429,51824,Female,4,Server,Part-Time
551,Gallard,L'Hommee,461-657-8620,51281,Male,3,Server,Part-Time
552,Kit,McGowing,373-162-1795,42034,Male,0,Delivery Person,Full-Time
553,Evangelia,Rexworthy,684-758-4465,25909,Female,5,Chef,Full-Time
554,Joannes,Joret,953-729-0645,47524,Female,1,Chef,Part-Time
555,Lou,Urch,811-245-9793,11335,Male,5,Delivery Person,Full-Time
556,Lebbie,Huckell,182-515-2072,38140,Female,5,Delivery Person,Full-Time
557,Katine,Hugonneau,498-811-3551,29870,Female,1,Delivery Person,Full-Time
558,Richardo,O'Cullen,553-920-0956,14864,Male,3,Delivery Person,Part-Time
559,Melania,Jonathon,602-960-6195,21899,Female,5,Server,Full-Time
560,Minda,Jagg,897-619-3859,30732,Female,5,Chef,Full-Time
561,Cheri,Shurmer,947-162-5657,54614,Female,3,Delivery Person,Full-Time
562,Tasia,Wilce,687-797-5889,34531,Female,3,Delivery Person,Part-Time
563,Randy,Anthon,501-863-2169,18506,Female,5,Delivery Person,Full-Time
564,Brien,Bairnsfather,132-927-5632,54931,Male,4,Delivery Person,Part-Time
565,Jeremy,Akess,418-672-6590,27454,Male,0,Server,Full-Time
566,Jessamine,Janning,287-828-4182,13798,Female,2,Chef,Full-Time
567,Correy,Bente,395-390-8331,52254,Male,3,Delivery Person,Full-Time
568,Dennet,Lonsbrough,151-277-7410,15722,Male,3,Delivery Person,Full-Time
569,Adora,Cabrales,258-371-9307,58512,Female,0,Chef,Full-Time
570,Marrilee,Iskowicz,253-317-8446,54315,Female,1,Server,Part-Time
571,Tom,Maunton,504-200-2841,53784,Male,2,Server,Part-Time
572,Cly,McLorinan,469-229-5527,11686,Male,3,Server,Full-Time
573,Lara,Heikkinen,695-467-4824,42847,Female,2,Server,Full-Time
574,Agnes,Camerana,953-130-1430,46819,Female,4,Delivery Person,Part-Time
575,Ivie,Iacabucci,900-577-9989,15828,Female,3,Delivery Person,Full-Time
576,Herbert,Ert,468-542-8570,49035,Male,4,Delivery Person,Part-Time
577,Tove,Blakeston,589-116-9347,45306,Female,0,Chef,Part-Time
578,Orly,Selbie,392-881-8483,18346,Polygender,2,Server,Full-Time
579,Martino,Taylot,937-385-7829,17229,Male,0,Chef,Part-Time
580,Ginnifer,Lavarack,221-936-3134,25419,Female,1,Delivery Person,Part-Time
581,Caldwell,Francesco,276-338-1315,43586,Male,4,Server,Part-Time
582,Stacee,Poxton,366-898-2272,48124,Male,3,Server,Part-Time
583,Uriah,Fritter,740-320-6003,39581,Male,5,Server,Full-Time
584,Barclay,Pennicard,928-807-4206,45135,Male,1,Chef,Full-Time
585,Cortie,Von Salzberg,419-955-5838,18176,Male,0,Delivery Person,Full-Time
586,Kipp,Hindrick,518-150-6878,50615,Female,3,Server,Full-Time
587,Clemmie,McMurty,167-640-1293,45312,Non-binary,0,Server,Full-Time
588,Keefer,Houlden,125-916-7437,36366,Male,4,Server,Full-Time
589,Isabelita,Gorstidge,734-608-6514,40036,Female,5,Chef,Part-Time
590,Zacherie,Marunchak,776-741-6286,10625,Male,0,Server,Full-Time
591,Mordy,Dulake,991-970-3752,41592,Male,3,Delivery Person,Part-Time
592,Edvard,Gealle,540-138-3294,44526,Male,5,Delivery Person,Full-Time
593,Steward,Chatterton,558-452-0347,47191,Male,5,Delivery Person,Part-Time
594,Kevon,Wyeld,489-363-5081,43070,Male,4,Delivery Person,Part-Time
595,Bay,Collyer,947-735-1481,46033,Male,2,Delivery Person,Part-Time
596,Louie,de Keyser,893-696-8800,38760,Non-binary,1,Delivery Person,Full-Time
597,Christopher,Salsberg,672-383-0335,22808,Male,0,Delivery Person,Part-Time
598,Ado,Kinzel,226-746-1797,24142,Male,2,Delivery Person,Full-Time
599,Iolanthe,Durbann,348-676-9339,18528,Female,1,Server,Full-Time
600,Tabby,Aspray,655-844-0311,20943,Male,4,Server,Full-Time
601,Stearne,Najera,756-327-2287,47936,Male,2,Delivery Person,Part-Time
602,Joni,Snoding,948-358-3376,14157,Female,4,Delivery Person,Full-Time
603,Tamarra,Roney,502-930-9678,29967,Female,0,Delivery Person,Full-Time
604,Livy,Skirrow,131-441-0615,55358,Genderfluid,4,Server,Part-Time
605,Ernestus,Zeale,938-183-0272,57921,Non-binary,5,Delivery Person,Part-Time
606,Margarette,Vanyukov,899-851-5074,27224,Female,3,Chef,Part-Time
607,Ardeen,MacComiskey,637-455-1123,38268,Female,5,Chef,Part-Time
608,Jacquelyn,O'Halligan,942-188-0388,58457,Female,3,Chef,Part-Time
609,Perla,Winram,206-628-4012,13078,Female,4,Chef,Part-Time
610,Winonah,Hardwicke,399-283-2843,20047,Female,0,Server,Part-Time
611,Shellie,Rean,114-525-8929,34741,Female,0,Chef,Part-Time
612,Jayne,Hovel,889-160-1225,24984,Female,5,Chef,Part-Time
613,Salomone,Orta,749-580-9133,21607,Male,3,Server,Part-Time
614,Linnet,Kaygill,455-498-6687,17991,Female,0,Server,Part-Time
615,Consuela,Downie,119-967-4996,31760,Polygender,4,Delivery Person,Full-Time
616,Keen,Lince,615-595-3766,16825,Male,5,Server,Full-Time
617,Mona,Denisyuk,929-127-8256,14678,Female,1,Delivery Person,Full-Time
618,Gus,Sherrin,453-904-8279,34922,Male,0,Delivery Person,Part-Time
619,Jan,Dunster,961-991-8533,45565,Female,4,Chef,Full-Time
620,Eddy,Clerke,978-288-6264,51849,Male,2,Delivery Person,Full-Time
621,Stanislas,Bonner,786-944-1263,50267,Bigender,0,Server,Part-Time
622,Meier,Cant,900-736-5618,33157,Bigender,2,Server,Part-Time
623,Stefano,Bentote,489-786-4802,53203,Male,3,Chef,Full-Time
624,Ashlee,Ritchman,148-627-2811,24441,Agender,0,Server,Full-Time
625,Ivar,Ammer,126-301-7231,32711,Male,5,Delivery Person,Full-Time
626,Reginauld,Kitcherside,761-305-3330,54649,Male,3,Delivery Person,Part-Time
627,Giustino,Collis,943-747-5549,38124,Male,4,Server,Full-Time
628,Jamey,Lissandrini,640-397-7222,27662,Male,4,Delivery Person,Full-Time
629,Janeva,Jehan,930-404-6151,39255,Female,1,Chef,Full-Time
630,Leda,Gwyneth,705-392-4184,46762,Female,2,Chef,Full-Time
631,Carlin,Deares,457-104-6826,42084,Female,4,Delivery Person,Full-Time
632,Alfie,Mathwin,326-160-0111,40885,Male,2,Chef,Part-Time
633,Colby,Reading,562-806-4196,14349,Male,2,Delivery Person,Full-Time
634,Tonnie,Darrell,639-971-4913,54836,Male,4,Chef,Part-Time
635,Kippy,Tarplee,542-328-7457,27815,Polygender,3,Delivery Person,Part-Time
636,Bernarr,Bucky,250-535-6900,39153,Male,5,Chef,Full-Time
637,Peri,Giffaut,642-969-4702,40087,Female,2,Chef,Full-Time
638,Esmaria,Bascomb,482-849-8593,57349,Female,3,Delivery Person,Full-Time
639,Quinn,Stirley,618-643-0553,32365,Male,1,Delivery Person,Full-Time
640,Alley,Quinnell,448-200-7799,43628,Male,4,Delivery Person,Full-Time
641,Glad,Fearon,385-915-5029,25948,Female,1,Delivery Person,Full-Time
642,Enrichetta,Jaye,746-508-0335,47894,Female,1,Delivery Person,Part-Time
643,Neal,Penzer,318-211-0708,28402,Male,2,Server,Full-Time
644,Marshall,De Dei,376-213-0822,31791,Male,0,Delivery Person,Full-Time
645,Milt,Fraulo,267-982-7859,17230,Male,0,Chef,Part-Time
646,Peder,Rattry,635-528-1561,35862,Male,1,Server,Part-Time
647,Jens,Cardiff,189-180-6789,53612,Male,5,Delivery Person,Full-Time
648,Wesley,Meakes,505-251-0259,56017,Genderfluid,2,Server,Part-Time
649,Gaultiero,Penquet,576-564-3704,18401,Genderfluid,5,Chef,Full-Time
650,Anestassia,Cranston,670-270-1171,27286,Female,2,Delivery Person,Full-Time
651,Olympia,Pietrowicz,865-427-6454,16263,Female,4,Chef,Full-Time
652,George,Logg,423-766-5173,55386,Male,4,Server,Full-Time
653,Buffy,Paddison,925-305-7754,30010,Female,4,Chef,Part-Time
654,Rebeka,Huke,942-888-7294,50415,Female,4,Server,Part-Time
655,Berrie,Hastie,860-307-6000,16104,Female,0,Server,Part-Time
656,Jordan,Gullivent,161-199-9446,37538,Male,1,Chef,Full-Time
657,Romona,Lieber,931-361-6347,41540,Female,5,Server,Part-Time
658,Adena,Von Hindenburg,400-938-9799,18471,Female,5,Delivery Person,Full-Time
659,Elka,Eagland,925-321-9942,49232,Female,2,Delivery Person,Part-Time
660,Lindy,Skedge,194-532-1720,19278,Female,5,Server,Part-Time
661,Geoff,Wilby,541-485-3312,39313,Male,3,Server,Full-Time
662,Vincents,Dillow,463-582-9700,48554,Male,0,Chef,Full-Time
663,Ashbey,Oldroyde,719-305-2014,25289,Male,0,Server,Full-Time
664,Marijn,Byford,967-514-4491,32905,Male,0,Delivery Person,Full-Time
665,Bartholomeo,Vedntyev,923-531-2630,42895,Male,3,Delivery Person,Full-Time
666,Fabien,Hounsham,637-816-8856,35834,Male,5,Server,Full-Time
667,Batsheva,Atwill,894-888-0972,31243,Female,5,Chef,Part-Time
668,Jeffie,Egdale,288-711-7220,10410,Male,3,Chef,Part-Time
669,Netti,Halm,246-481-9625,16749,Genderfluid,2,Chef,Full-Time
670,Kienan,Ryding,166-754-0594,49213,Male,0,Delivery Person,Part-Time
671,Pollyanna,Luckhurst,692-643-7052,22959,Female,1,Chef,Part-Time
672,Bette,Vitte,574-108-8284,27062,Female,3,Chef,Full-Time
673,Gregor,Messent,818-273-5424,54280,Male,3,Delivery Person,Part-Time
674,Inesita,Konzel,114-920-7947,20503,Female,1,Chef,Part-Time
675,Marcile,Chelley,479-111-3644,12743,Female,2,Delivery Person,Full-Time
676,Terry,Farrey,882-720-9998,35132,Female,0,Delivery Person,Full-Time
677,Andrei,Rames,717-867-8611,55888,Female,2,Chef,Part-Time
678,Kissee,Lahive,393-330-4161,43669,Female,4,Chef,Full-Time
679,Ferdinand,Windless,464-177-7611,47844,Male,3,Delivery Person,Part-Time
680,Hayward,MacSporran,927-789-5623,15871,Male,4,Delivery Person,Full-Time
681,Mordecai,Basezzi,170-912-2608,35932,Male,3,Server,Full-Time
682,Saxe,Fursey,566-880-4826,38194,Male,1,Delivery Person,Full-Time
683,Dalia,Berthel,300-743-9642,54733,Female,2,Server,Full-Time
684,Stearn,Cockling,999-901-9105,25296,Male,1,Delivery Person,Full-Time
685,Aridatha,Bruntjen,473-623-9710,59616,Female,0,Chef,Full-Time
686,Asa,Allibone,188-516-7365,31187,Male,1,Chef,Part-Time
687,Lotte,Huyge,523-359-1108,28577,Female,1,Server,Part-Time
688,Lillian,Killoran,376-273-2834,49363,Female,0,Chef,Full-Time
689,Blinnie,Lorden,319-464-8889,51868,Female,5,Chef,Part-Time
690,Donny,Esche,233-599-1555,20334,Male,2,Server,Part-Time
691,Jermaine,Eyles,399-364-5560,41427,Female,2,Chef,Full-Time
692,Cody,Axcel,249-303-5855,38882,Female,3,Server,Full-Time
693,Rochette,Dumphy,992-354-6576,48482,Female,0,Chef,Part-Time
694,Munroe,Pietersma,430-369-7128,48545,Male,4,Delivery Person,Part-Time
695,Guy,Shepeard,398-785-5179,57085,Male,4,Delivery Person,Full-Time
696,Jobina,Bascombe,115-992-3725,40632,Female,3,Chef,Part-Time
697,Mirilla,Dumphry,965-560-4524,57984,Female,4,Delivery Person,Part-Time
698,Bobbette,Risson,399-404-7276,23105,Female,4,Chef,Full-Time
699,Karoline,Willoughby,672-741-7379,10169,Female,0,Chef,Part-Time
700,Francklyn,Vanetti,485-206-4754,47681,Male,2,Delivery Person,Part-Time
701,Ariel,Heiner,314-298-1677,53388,Female,1,Delivery Person,Full-Time
702,Barnabas,Bills,784-362-8191,23094,Male,2,Delivery Person,Part-Time
703,Joachim,Jacqueminot,748-227-0002,15571,Genderfluid,0,Server,Full-Time
704,Kennie,Manis,222-622-1101,59534,Male,3,Delivery Person,Part-Time
705,Darin,Dunphie,928-267-6406,58516,Male,4,Chef,Part-Time
706,Jana,Kidgell,243-408-7800,21849,Female,4,Chef,Full-Time
707,Jehanna,Garmston,673-873-2986,33169,Female,0,Delivery Person,Full-Time
708,Davon,Colbeck,905-935-4322,19572,Male,4,Server,Part-Time
709,Jenifer,Korba,994-259-4603,19886,Female,5,Delivery Person,Part-Time
710,Crystal,Patek,748-560-9110,31271,Female,1,Chef,Full-Time
711,Britt,Whiteson,767-780-2968,33213,Male,3,Delivery Person,Part-Time
712,Freddie,Allden,339-918-2138,40238,Female,3,Chef,Full-Time
713,Tucky,Wakes,743-261-2613,48292,Male,0,Chef,Full-Time
714,Lind,Luchetti,382-228-3777,43568,Non-binary,3,Delivery Person,Part-Time
715,Griselda,Climson,655-305-6011,55388,Genderqueer,1,Server,Full-Time
716,Ralina,Highway,322-929-5362,29164,Female,0,Server,Part-Time
717,Nan,Cogin,271-609-3928,29014,Bigender,0,Server,Full-Time
718,Forrest,Orthmann,906-245-0041,21526,Male,3,Delivery Person,Part-Time
719,Floyd,Turtle,739-945-0815,29252,Male,3,Server,Part-Time
720,Fara,Selvey,644-725-7364,59687,Female,4,Server,Part-Time
721,Janet,Manzell,251-233-0010,34534,Female,0,Server,Part-Time
722,Nicola,Vasiltsov,210-249-9575,36184,Male,1,Server,Part-Time
723,Germain,Winslow,323-174-4791,29018,Male,1,Server,Full-Time
724,Boris,Gillio,249-417-1501,56270,Male,5,Server,Full-Time
725,Ase,Plumb,977-384-0466,36078,Male,5,Chef,Part-Time
726,Granthem,Acheson,633-569-5186,49334,Male,2,Delivery Person,Part-Time
727,Bennett,Rope,596-803-8990,33394,Male,3,Delivery Person,Part-Time
728,Alford,Geldart,376-939-6153,19571,Male,5,Server,Part-Time
729,Catlin,Shakle,811-283-3608,34602,Female,2,Delivery Person,Full-Time
730,Katrina,Warnock,378-316-2395,55543,Female,5,Server,Full-Time
731,Orazio,Metschke,554-168-5137,41761,Male,0,Server,Full-Time
732,Weston,Constantine,800-361-1498,27802,Male,2,Delivery Person,Part-Time
733,Gorden,Djorevic,371-748-8895,49970,Male,5,Server,Part-Time
734,Porter,Fronzek,160-316-2583,54514,Male,3,Chef,Part-Time
735,Farly,Westrope,288-728-8476,48654,Male,2,Server,Full-Time
736,Dulcia,Renol,112-962-5158,25971,Female,1,Server,Full-Time
737,Herc,Treker,472-573-6278,46389,Male,4,Chef,Full-Time
738,Vanny,Redhills,120-427-8121,17862,Female,5,Server,Part-Time
739,Kaspar,Gawke,718-551-9896,58651,Male,4,Chef,Full-Time
740,Ragnar,Aizlewood,621-348-4457,13594,Male,5,Delivery Person,Part-Time
741,Sampson,Hasnney,143-615-8876,22807,Polygender,0,Delivery Person,Part-Time
742,Danya,Aggis,142-754-6783,16635,Female,1,Delivery Person,Full-Time
743,Marlow,Bawme,719-175-9253,46109,Male,0,Chef,Full-Time
744,Fernandina,Slite,658-837-0106,21981,Female,1,Delivery Person,Part-Time
745,Iona,Izat,606-665-1543,26142,Female,5,Server,Part-Time
746,Melissa,Soanes,144-965-3181,38996,Female,2,Server,Part-Time
747,Tyler,Speechley,618-236-2213,41740,Male,1,Server,Full-Time
748,Rosmunda,Meach,488-422-5713,34025,Female,1,Delivery Person,Part-Time
749,Myrilla,Jilkes,751-940-1259,34693,Female,5,Server,Full-Time
750,Ralina,Pilley,830-903-3398,41445,Female,3,Delivery Person,Part-Time
751,Elyse,Jeffes,487-871-6879,28446,Female,3,Delivery Person,Full-Time
752,Olly,Dresse,205-818-6647,13652,Female,2,Server,Part-Time
753,Venus,Spowage,452-458-3454,15116,Female,4,Chef,Full-Time
754,Aurel,St. Clair,123-253-3305,39709,Female,4,Server,Full-Time
755,Caresa,Locks,375-594-7968,47825,Female,5,Server,Full-Time
756,Melisandra,Banton,373-497-6125,38097,Female,0,Server,Part-Time
757,Sonnie,Ferris,542-369-4758,28279,Male,5,Delivery Person,Full-Time
758,Celesta,Bellwood,422-920-2212,11249,Female,5,Delivery Person,Part-Time
759,Alanna,Schapero,989-210-1402,38923,Female,3,Delivery Person,Full-Time
760,Arch,Sills,403-832-0931,27216,Male,4,Chef,Full-Time
761,Brianna,Dunsford,406-578-8286,17264,Female,4,Delivery Person,Part-Time
762,Aguie,Oats,354-548-6718,43836,Male,5,Delivery Person,Part-Time
763,Arnie,McNamee,932-486-4142,47186,Male,4,Server,Part-Time
764,Jannelle,Sorel,505-852-1534,50766,Female,5,Delivery Person,Part-Time
765,Eveline,Garretson,119-996-0059,36457,Female,0,Chef,Part-Time
766,Christina,Pegram,163-685-7445,54088,Female,2,Server,Full-Time
767,Kalie,Beacham,439-668-6073,57617,Bigender,2,Delivery Person,Full-Time
768,Dusty,Yurukhin,669-161-4713,47714,Female,3,Server,Part-Time
769,Kristo,Ciobotaru,137-757-9376,13843,Male,2,Delivery Person,Part-Time
770,Mitchel,Ellgood,396-144-8518,40742,Male,5,Server,Full-Time
771,Harlan,Busfield,134-480-0470,34166,Male,2,Delivery Person,Part-Time
772,Nicki,Torry,508-981-8077,50531,Genderqueer,2,Chef,Part-Time
773,Bev,Thoday,786-349-3386,17715,Male,4,Server,Part-Time
774,Laurianne,Thunnerclef,984-204-5134,59060,Female,3,Server,Full-Time
775,Bourke,McMyler,594-155-6250,12418,Male,5,Delivery Person,Part-Time
776,Corrianne,Vedenyakin,239-658-6616,10362,Female,3,Server,Part-Time
777,Leonora,Pauletto,441-855-2446,42866,Female,4,Chef,Full-Time
778,Paule,Kienzle,588-510-6310,17587,Female,0,Chef,Part-Time
779,Davey,Pirot,882-593-2879,36856,Male,5,Delivery Person,Full-Time
780,Madelon,Tomankowski,476-549-2301,38359,Genderfluid,4,Chef,Part-Time
781,Mellie,Kisbee,754-656-6421,14593,Female,4,Server,Part-Time
782,Faydra,Burgill,589-482-6884,25283,Female,2,Delivery Person,Part-Time
783,Hube,Boullin,267-828-4739,45575,Male,5,Server,Full-Time
784,Cass,Gumby,547-252-2252,36847,Female,2,Chef,Full-Time
785,Jacinthe,Tolussi,687-169-2125,47850,Female,0,Delivery Person,Part-Time
786,Chester,Placidi,863-262-3474,31527,Male,2,Chef,Part-Time
787,Bella,Sertin,956-307-5278,22895,Female,5,Chef,Part-Time
788,Josephine,Alyukin,953-247-8017,48352,Polygender,5,Delivery Person,Full-Time
789,Hamnet,Tomas,538-877-8835,27228,Male,1,Server,Full-Time
790,Charlot,Irvin,565-985-4777,27786,Female,3,Delivery Person,Part-Time
791,Georgeanna,Pinnington,439-239-9748,19720,Female,3,Chef,Part-Time
792,Micky,Meininking,401-296-7488,20863,Female,3,Chef,Full-Time
793,Deb,Kleinzweig,520-849-6155,48993,Female,0,Server,Part-Time
794,Reyna,Packington,981-356-6516,31613,Female,1,Server,Full-Time
795,Darn,McLurg,663-490-7579,21580,Male,5,Delivery Person,Part-Time
796,Von,Charker,952-120-8657,48574,Male,1,Delivery Person,Full-Time
797,Sharon,Moulden,932-409-7043,31980,Female,5,Server,Part-Time
798,Lottie,Blockley,650-434-4179,24039,Female,3,Chef,Part-Time
799,Shina,Joao,379-113-1201,38603,Female,2,Delivery Person,Full-Time
800,Westbrooke,Rowledge,702-845-9891,35308,Male,4,Server,Part-Time
801,Carie,Jindracek,159-478-2807,38175,Female,3,Chef,Full-Time
802,Marion,Vost,406-220-8943,23168,Female,0,Chef,Part-Time
803,Carrie,Bridgett,436-875-4808,18742,Female,3,Delivery Person,Part-Time
804,Leland,Voules,753-293-4635,35897,Male,2,Chef,Part-Time
805,Viv,Jorin,539-718-0194,18800,Female,4,Delivery Person,Full-Time
806,Louella,Rainsbury,822-220-3961,40554,Female,2,Delivery Person,Part-Time
807,Mildred,McCorrie,460-168-3131,42915,Agender,0,Chef,Part-Time
808,Fan,Byrcher,843-400-8366,49556,Female,1,Chef,Full-Time
809,Bambi,Allden,772-133-1370,45131,Female,1,Delivery Person,Full-Time
810,Giulio,Dunston,206-764-8655,47117,Male,5,Chef,Part-Time
811,Aggie,Begwell,625-211-5377,12119,Female,5,Server,Part-Time
812,Esme,Latehouse,724-650-9394,17031,Female,0,Delivery Person,Full-Time
813,Niels,Billam,267-613-5548,31285,Male,2,Chef,Full-Time
814,Ezri,Bartleman,903-659-1832,30295,Male,2,Server,Full-Time
815,Gloriane,Havis,999-292-7322,40702,Female,4,Server,Part-Time
816,Moshe,Kingswoode,751-218-9923,25626,Male,3,Server,Part-Time
817,Scot,Speke,343-207-7282,14715,Male,4,Server,Part-Time
818,Debby,Dilger,489-350-8173,17611,Female,1,Delivery Person,Full-Time
819,Torr,Janssen,445-453-3936,52452,Male,5,Server,Full-Time
820,Hanna,Manuello,317-283-6217,17455,Female,0,Chef,Full-Time
821,Archie,Gludor,248-362-8391,36837,Male,2,Server,Part-Time
822,Hyacintha,Titchard,671-317-2789,56972,Female,1,Delivery Person,Part-Time
823,Kenon,Castelletti,646-893-2450,59827,Male,3,Server,Full-Time
824,Brett,Hutsby,607-973-5933,45232,Male,1,Chef,Part-Time
825,Judas,De la Yglesias,345-659-3888,18295,Male,1,Chef,Part-Time
826,Dorrie,Friel,694-559-2166,13951,Female,0,Delivery Person,Part-Time
827,Ermanno,Bulman,638-805-0596,51368,Male,5,Delivery Person,Full-Time
828,Lianna,Deighan,808-861-6252,12720,Female,5,Server,Part-Time
829,Roddy,Van der Mark,880-735-4513,27935,Male,4,Chef,Part-Time
830,Josepha,Burchell,948-453-1019,31431,Non-binary,4,Server,Part-Time
831,Amil,Leslie,171-658-3931,48057,Female,0,Delivery Person,Full-Time
832,Fraze,Chiverstone,868-843-3042,20582,Male,5,Chef,Part-Time
833,Octavius,Hurdman,251-389-8337,42925,Male,4,Chef,Full-Time
834,Forester,Amoss,988-157-4505,54957,Male,3,Chef,Full-Time
835,Zora,Fife,525-558-1359,18931,Female,2,Server,Part-Time
836,Levin,Ogelbe,942-569-8634,22130,Male,1,Server,Full-Time
837,Sutherland,Pincked,980-815-8522,53537,Male,3,Chef,Part-Time
838,Carolee,Curlis,879-157-3340,42999,Female,5,Chef,Full-Time
839,Gasper,Maddin,301-197-5564,41339,Male,4,Chef,Full-Time
840,Cordey,Vedenisov,651-226-9194,24485,Agender,2,Chef,Part-Time
841,Kiersten,de Glanville,904-496-2570,10124,Female,1,Delivery Person,Full-Time
842,Trevor,Yakubov,678-178-3346,55071,Male,5,Server,Full-Time
843,Vida,Redfearn,373-584-4841,21987,Female,4,Chef,Full-Time
844,Wilhelm,Kynston,866-777-1922,12893,Male,5,Server,Part-Time
845,Delcina,Lacasa,180-488-3366,35696,Agender,1,Delivery Person,Part-Time
846,Jodee,Forrestill,253-117-3840,59795,Female,3,Chef,Full-Time
847,Gertrud,Mc Ilwrick,378-437-7604,54475,Non-binary,5,Server,Part-Time
848,Lock,Lamberton,430-879-7515,36103,Male,0,Chef,Full-Time
849,Cymbre,Ciobotaru,784-557-2092,38608,Female,0,Server,Part-Time
850,Jacky,Garmons,923-215-0819,52021,Polygender,2,Server,Full-Time
851,Clarance,Coonihan,363-516-5798,52779,Male,3,Delivery Person,Part-Time
852,Doll,Gregorin,238-887-6265,40988,Female,2,Server,Full-Time
853,Pren,Klees,677-344-4716,55487,Male,5,Server,Full-Time
854,Vi,Bentham3,359-215-7279,40449,Female,0,Chef,Full-Time
855,Amy,Rape,456-788-7443,27537,Female,5,Chef,Full-Time
856,Karissa,McBrier,677-338-5420,12275,Genderfluid,2,Server,Full-Time
857,Quillan,Waight,681-958-4197,57479,Male,0,Chef,Part-Time
858,Travers,Best,998-242-2568,58027,Genderqueer,2,Server,Full-Time
859,Lainey,Figgen,910-886-0089,22358,Female,5,Chef,Part-Time
860,Barnie,Iwanczyk,188-217-4802,29766,Male,5,Delivery Person,Full-Time
861,Vern,Castanone,668-711-3335,40542,Male,1,Server,Part-Time
862,Aymer,Crawshay,882-447-9545,17503,Male,0,Chef,Full-Time
863,Skyler,Gamlen,192-709-6608,41980,Male,0,Chef,Full-Time
864,Heida,Le Maitre,437-142-6790,30523,Female,0,Chef,Full-Time
865,Theo,Chasier,207-255-2145,36373,Female,5,Delivery Person,Part-Time
866,Andy,Werner,933-528-3581,45479,Agender,2,Chef,Full-Time
867,Cyndia,Geering,504-310-4525,27739,Female,2,Chef,Part-Time
868,Faustina,Murden,120-904-4441,41101,Bigender,3,Delivery Person,Full-Time
869,Clarinda,Kernley,386-734-5329,17577,Female,3,Chef,Full-Time
870,Gayleen,Urlich,465-980-9515,37276,Female,4,Delivery Person,Part-Time
871,Vannie,Chivers,277-766-7109,51682,Female,3,Chef,Full-Time
872,Dulcia,Hinge,800-647-7102,49503,Female,3,Chef,Part-Time
873,Judith,Fratson,313-182-8554,53826,Female,1,Server,Part-Time
874,Giorgio,Willicott,308-791-0463,24330,Male,3,Server,Full-Time
875,Thorpe,Faichney,984-967-1635,50512,Male,0,Chef,Part-Time
876,Merrilee,McGavigan,335-202-2245,18875,Female,0,Server,Part-Time
877,Hercules,Knapp,322-758-7672,50671,Male,1,Chef,Part-Time
878,Brig,Biddlestone,372-224-7594,16902,Male,5,Delivery Person,Part-Time
879,Thomasine,Quiney,983-424-2215,34241,Female,0,Delivery Person,Full-Time
880,Sheffy,Bowles,751-544-8240,12849,Male,5,Server,Part-Time
881,Amity,Eager,169-444-3174,54254,Female,5,Server,Full-Time
882,Dorena,Rattray,435-475-9212,34125,Female,3,Server,Full-Time
883,Mead,Hrycek,201-507-3352,10340,Male,2,Chef,Part-Time
884,Rafael,Josephoff,300-203-1460,22015,Male,0,Server,Full-Time
885,Ruy,MacCaughey,933-353-5765,46504,Male,1,Chef,Full-Time
886,Vicky,Maskall,139-374-4604,29413,Female,5,Delivery Person,Part-Time
887,Berty,Giral,626-291-8555,46651,Male,1,Server,Part-Time
888,Basilius,Bletsor,256-590-4142,49006,Male,0,Chef,Full-Time
889,Leodora,Dubois,579-113-0263,16058,Female,2,Server,Full-Time
890,Kellina,Freke,770-187-7322,37742,Female,4,Delivery Person,Full-Time
891,Regina,Vaszoly,601-392-0651,25980,Female,5,Delivery Person,Full-Time
892,Cathleen,Keith,813-554-4816,12180,Female,5,Server,Part-Time
893,Berkly,Jaksic,412-795-7698,26782,Male,2,Delivery Person,Full-Time
894,Truman,Schonfeld,925-702-1663,23237,Male,5,Server,Full-Time
895,Sapphira,Arden,330-420-6212,39436,Female,0,Delivery Person,Part-Time
896,Darcy,Willbourne,196-547-8996,29037,Male,3,Delivery Person,Part-Time
897,Eddie,Hartrick,621-668-4578,19205,Male,2,Delivery Person,Full-Time
898,Morgan,O'Clery,743-561-9020,38610,Male,2,Chef,Full-Time
899,Eugine,Pozzi,770-622-7077,43692,Female,4,Chef,Full-Time
900,Robinetta,Gaffon,554-816-6608,53914,Female,2,Server,Part-Time
901,Stefan,Sams,521-955-5260,49191,Male,0,Delivery Person,Full-Time
902,Ted,Ivens,308-261-5591,56344,Agender,1,Delivery Person,Part-Time
903,Wald,Scough,471-174-5597,48401,Male,1,Server,Full-Time
904,Dana,Colgan,998-683-5680,35123,Female,2,Server,Full-Time
905,Michaelina,Arkow,647-401-3569,11533,Female,5,Delivery Person,Full-Time
906,Trev,Skidmore,516-541-4183,53087,Male,1,Chef,Part-Time
907,Kalil,McMeeking,295-721-1321,39271,Male,3,Server,Full-Time
908,Leanna,Romaynes,548-864-6971,47755,Agender,3,Delivery Person,Full-Time
909,Burgess,Haeslier,960-578-8301,46523,Male,5,Chef,Full-Time
910,Loren,Simmig,257-771-3978,14571,Female,5,Chef,Full-Time
911,Harrie,Timlett,531-207-4559,55291,Female,3,Chef,Full-Time
912,Blake,Laverock,578-728-6652,34888,Female,1,Server,Full-Time
913,Fiorenze,Livingston,475-673-2644,56412,Female,0,Chef,Part-Time
914,Venus,Hovy,795-948-2374,50824,Female,3,Server,Part-Time
915,Augustin,Ilson,471-658-9615,38267,Male,0,Server,Part-Time
916,Osgood,Slafford,733-466-7519,20678,Male,1,Server,Full-Time
917,Whittaker,Cawker,235-506-4581,16087,Male,5,Chef,Full-Time
918,Vassily,Burley,874-783-0952,52558,Male,5,Server,Part-Time
919,Clerc,Torbett,595-285-7862,34049,Male,4,Delivery Person,Part-Time
920,Reena,Windmill,401-617-7701,17664,Polygender,3,Delivery Person,Full-Time
921,Patton,Gally,219-596-5594,33495,Male,5,Chef,Full-Time
922,Fax,Castree,973-208-9690,52225,Male,3,Delivery Person,Full-Time
923,Allen,Warlow,244-345-9655,11567,Male,4,Server,Part-Time
924,Willdon,Aulton,120-686-6055,32532,Male,5,Chef,Full-Time
925,Ali,Lindeboom,696-157-1100,25513,Male,4,Delivery Person,Part-Time
926,Haroun,Keyden,416-180-9152,29167,Male,0,Chef,Full-Time
927,Madelon,Pohl,312-269-3283,40549,Female,0,Chef,Part-Time
928,Whitby,Maylott,909-418-2941,30249,Male,5,Server,Part-Time
929,Gibby,Jaskiewicz,195-219-2578,45372,Male,2,Server,Full-Time
930,Maudie,Newey,862-694-0686,43220,Female,5,Server,Part-Time
931,Bettine,Nozzolii,953-471-3424,44896,Female,1,Chef,Full-Time
932,Annie,Onraet,326-497-0965,48700,Female,0,Delivery Person,Full-Time
933,Delora,Vass,711-709-5660,19273,Female,5,Delivery Person,Full-Time
934,Devonne,Seeger,305-990-0223,30200,Female,3,Delivery Person,Part-Time
935,Tabbatha,Sincock,807-111-6752,16121,Female,5,Server,Part-Time
936,Dannie,Outerbridge,855-143-0842,19260,Female,2,Delivery Person,Full-Time
937,Ingaborg,Welton,993-502-1664,45823,Non-binary,1,Delivery Person,Full-Time
938,Shana,Escalero,918-575-2705,18692,Female,1,Chef,Full-Time
939,Delmor,Prothero,585-968-3945,59597,Male,5,Chef,Part-Time
940,Bertrand,Siaspinski,940-173-9232,29613,Male,2,Server,Part-Time
941,Donalt,Flaxman,472-913-3949,14144,Male,2,Delivery Person,Full-Time
942,Cora,Kensit,298-907-7800,34491,Female,2,Chef,Full-Time
943,Tawnya,Kedwell,669-665-0585,21789,Female,1,Chef,Part-Time
944,Libbi,Panas,266-394-8245,42471,Female,1,Server,Full-Time
945,Ange,La Padula,345-448-6254,42271,Male,3,Delivery Person,Part-Time
946,Orsola,Graeber,971-127-7317,44604,Female,4,Delivery Person,Full-Time
947,Kinnie,Balfre,796-797-9005,16602,Male,2,Chef,Full-Time
948,Rayner,Luck,750-696-3502,18124,Male,4,Chef,Full-Time
949,Terrell,Gebb,299-736-3230,37424,Male,2,Server,Part-Time
950,Cherianne,Sellner,442-405-7101,12948,Female,0,Chef,Full-Time
951,Berke,Downie,691-539-3718,21177,Male,3,Chef,Full-Time
952,Grenville,Benedettini,523-800-9564,39685,Male,2,Chef,Full-Time
953,Rickard,Madders,867-394-4549,48456,Male,1,Delivery Person,Full-Time
954,Bryant,Hainey`,192-114-5188,49410,Male,0,Chef,Full-Time
955,Anet,Penas,465-966-5433,53354,Female,3,Delivery Person,Full-Time
956,Cart,Brion,972-451-0400,15185,Male,3,Chef,Part-Time
957,Sonja,Cressy,421-545-9918,30900,Female,5,Delivery Person,Part-Time
958,Jamaal,Ortiger,986-604-2899,40773,Male,4,Server,Full-Time
959,Casar,Reston,240-985-2990,21927,Genderqueer,1,Server,Part-Time
960,Corry,Hurley,766-487-1995,53797,Female,4,Chef,Part-Time
961,Pasquale,Imms,297-681-6044,33536,Male,5,Server,Part-Time
962,Adriana,Grayne,266-520-5594,47533,Female,5,Server,Part-Time
963,Wendel,Blanking,488-883-7526,33409,Male,0,Delivery Person,Part-Time
964,Zaneta,Landell,505-356-8097,24051,Female,0,Delivery Person,Full-Time
965,Loise,Rein,261-902-4619,37343,Female,3,Chef,Part-Time
966,Katine,Drakeford,722-307-1800,50872,Female,3,Server,Full-Time
967,Aurlie,Waleworke,490-506-1448,21229,Female,4,Delivery Person,Full-Time
968,Marcelle,Readings,558-924-7795,20896,Female,1,Chef,Full-Time
969,Julee,Piris,129-386-3143,12955,Female,1,Delivery Person,Part-Time
970,Hewie,Goodbody,922-147-4941,27611,Male,0,Server,Part-Time
971,Spenser,Setterington,848-838-5856,27209,Male,5,Server,Full-Time
972,Isabella,Filipic,296-823-5779,55903,Female,0,Chef,Full-Time
973,Willdon,Habershon,613-482-1937,24804,Male,4,Chef,Full-Time
974,Northrup,Sexcey,597-733-0246,19896,Male,3,Chef,Part-Time
975,Woodman,Creedland,372-654-6592,48748,Male,1,Chef,Full-Time
976,Kaycee,Howatt,653-176-7363,56456,Female,0,Chef,Full-Time
977,Winifield,Batham,135-881-7955,51722,Male,4,Chef,Full-Time
978,Sigvard,Buist,534-207-7637,33601,Male,4,Server,Part-Time
979,Nanine,Fullbrook,236-240-6362,47949,Female,3,Server,Full-Time
980,Joyann,Catmull,867-820-7829,24648,Female,5,Server,Part-Time
981,Tarrah,Goligly,878-881-6200,45793,Female,4,Chef,Part-Time
982,Terri,D'Orsay,822-976-2470,49426,Male,0,Chef,Part-Time
983,Silvana,McGilben,724-626-4696,12071,Polygender,0,Server,Part-Time
984,Towny,Jerram,886-363-4714,55502,Male,5,Chef,Full-Time
985,Townie,Craigmile,888-532-0049,54409,Male,5,Chef,Part-Time
986,Gillie,Craker,439-969-0650,16530,Female,4,Chef,Full-Time
987,Clare,Bartoszinski,148-408-3763,47925,Genderqueer,1,Server,Part-Time
988,Louella,Doddemeade,819-418-0862,57168,Female,2,Delivery Person,Part-Time
989,Duncan,Stinson,730-335-1051,26313,Male,5,Delivery Person,Full-Time
990,Filip,Eastwell,130-242-0469,27791,Male,3,Chef,Full-Time
991,Lucia,Rudeforth,636-917-3513,37181,Female,1,Delivery Person,Part-Time
992,Jamey,Albiston,336-206-7300,23476,Male,4,Chef,Full-Time
993,Ashly,Garthshore,732-111-0886,53379,Female,2,Delivery Person,Part-Time
994,Cleo,MacDonell,274-887-6078,59031,Female,1,Delivery Person,Full-Time
995,Lucas,Ducastel,678-939-5023,32761,Male,0,Chef,Part-Time
996,Syman,Hallex,793-222-6522,15449,Male,3,Server,Full-Time
997,Ralph,Whitnell,774-409-2712,29226,Male,5,Delivery Person,Full-Time
998,Barbaraanne,Lanphier,283-196-8400,57306,Genderfluid,5,Delivery Person,Part-Time
999,Tierney,Yarnton,599-500-9262,11405,Female,4,Delivery Person,Part-Time
1000,Raeann,Spaughton,948-215-6983,16596,Bigender,5,Delivery Person,Part-Time
